user_name,user_mail
shybear,shybear@test.com
Wolfe Tristram,wolfetristram@test.com
McKinley Lylah,mckinleylylah@test.com
Elihu Winthrop,elihuwintrhrop@test.com
Corinne Geffrey,corennegeffrey@test.com
Anemone Luana,anemoneluana@test.com
